kingdom,kingdom_cnt,phylum,phylum_cnt,class,class_cnt,order,order_cnt
Animalia,1300409,Arthropoda,1089032,Insecta,932810,Lepidoptera,149821
,,,,,,Coleoptera,323821
,,,,,,Hymenoptera,117843
,,,,,,Hemiptera,93333
,,,,,,Mecoptera,684
,,,,,,Trichoptera,11513
,,,,,,Diptera,153387
,,,,,,Psocodea,10963
,,,,,,Phasmida,3284
,,,,,,Orthoptera,27344
,,,,,,Siphonaptera,2047
,,,,,,Zoraptera,43
,,,,,,Mantophasmatodea,19
,,,,,,Grylloblattodea,34
,,,,,,Ephemeroptera,3341
,,,,,,Embioptera,398
,,,,,,Thysanoptera,6222
,,,,,,Mantodea,2490
,,,,,,Odonata,5912
,,,,,,Plecoptera,3691
,,,,,,Dermaptera,1894
,,,,,,Strepsiptera,602
,,,,,,Blattodea,7568
,,,,,,Neuroptera,5917
,,,,,,Raphidioptera,253
,,,,,,Megaloptera,386
,,,,Not assigned,71716,Araneae,47714
,,,,,,Ixodida,867
,,,,,,Mesostigmata,2777
,,,,,,Trombidiformes,2875
,,,,,,Scorpiones,2526
,,,,,,Opilioacarida,25
,,,,,,Pseudoscorpiones,3387
,,,,,,Uropygi,120
,,,,,,Solifugae,1146
,,,,,,Schizomida,358
,,,,,,Palpigradi,109
,,,,,,Amblypygi,217
,,,,,,Ricinulei,89
,,,,,,Sarcoptiformes,9493
,,,,,,Mystacocaridida,13
,,,,Malacostraca,32332,Cumacea,1734
,,,,,,Amphipoda,10144
,,,,,,Mysida,1072
,,,,,,Bochusacea,6
,,,,,,Decapoda,7402
,,,,,,Isopoda,10377
,,,,,,Thermosbaenacea,38
,,,,,,Tanaidacea,1413
,,,,,,Leptostraca,60
,,,,,,Euphausiacea,86
,,,,Diplopoda,15234,Stemmiulida,196
,,,,,,Siphonophorida,154
,,,,,,Polyzoniida,144
,,,,,,Callipodida,254
,,,,,,Platydesmida,86
,,,,,,Polydesmida,6533
,,,,,,Sphaerotheriida,439
,,,,,,Spirobolida,1379
,,,,,,Spirostreptida,1959
,,,,,,Julida,1862
,,,,,,Chordeumatida,1543
,,,,,,Glomerida,459
,,,,,,Polyxenida,183
,,,,,,Siphoniulida,2
,,,,,,Siphonocryptida,6
,,,,,,Glomeridesmida,33
,,,,,,Not assigned,1
,,,,,,Zosterogrammida,1
,,,,Entognatha,759,Protura,759
,,,,Chilopoda,3145,Geophilomorpha,1264
,,,,,,Scolopendromorpha,688
,,,,,,Lithobiomorpha,1103
,,,,,,Scutigeromorpha,89
,,,,,,Craterostigmomorpha,1
,,,,Branchiopoda,1418,Anostraca,353
,,,,,,Notostraca,22
,,,,,,Diplostraca,1043
,,,,Hexanauplia,14775,Harpacticoida,5136
,,,,,,Siphonostomatoida,2274
,,,,,,Cyclopoida,4240
,,,,,,Calanoida,2759
,,,,,,Monstrilloida,169
,,,,,,Platycopioida,11
,,,,,,Misophrioida,37
,,,,,,Gelyelloida,2
,,,,,,Canuelloida,89
,,,,,,Not assigned,54
,,,,,,Mormonilloida,4
,,,,Ostracoda,6308,Not assigned,80
,,,,,,Myodocopida,947
,,,,,,Halocyprida,438
,,,,,,Platycopina,149
,,,,,,Podocopida,4694
,,,,Pycnogonida,1344,Pantopoda,1344
,,,,Merostomata,4,Xiphosurida,4
,,,,Pauropoda,491,Hexamerocerata,6
,,,,,,Tetramerocerata,485
,,,,Symphyla,100,Not assigned,100
,,,,Cephalocarida,12,Brachypoda,12
,,,,Remipedia,29,Nectiopoda,29
,,,,Collembola,8555,Neelipleona,47
,,,,,,Symphypleona,1144
,,,,,,Poduromorpha,3365
,,,,,,Entomobryomorpha,3999
,,Annelida,13906,Clitellata,2142,Branchiobdellida,150
,,,,,,Not assigned,2
,,,,,,Lumbriculida,227
,,,,,,Haplotaxida,1326
,,,,,,Crassiclitellata,73
,,,,,,Enchytraeida,358
,,,,,,Capilloventrida,6
,,,,Polychaeta,11764,Amphinomida,208
,,,,,,Sabellida,1429
,,,,,,Echiuroidea,172
,,,,,,Eunicida,1375
,,,,,,Spionida,666
,,,,,,Phyllodocida,4570
,,,,,,Terebellida,1721
,,,,,,Not assigned,1623
,,Sipuncula,206,Phascolosomatidea,69,Aspidosiphoniformes,25
,,,,,,Phascolosomatiformes,44
,,,,Sipunculidea,137,Golfingiiformes,101
,,,,,,Sipunculiformes,36
,,Tardigrada,1018,Eutardigrada,628,Parachela,613
,,,,,,Apochela,15
,,,,Mesotardigrada,1,Thermozodia,1
,,,,Heterotardigrada,389,Echiniscoidea,244
,,,,,,Arthrotardigrada,145
,,Onychophora,167,Udeonycophora,167,Euonycophora,167
,,Micrognathozoa,1,Micrognathozoa,1,Limnognathida,1
,,Hemichordata,139,Enteropneusta,113,Not assigned,113
,,Hemichordata,139,Pterobranchia,26,Not assigned,19
,,,,,,Rhabdopleurida,7
,,Kamptozoa,173,Entoprocta,171,Coloniales,124
,,,,,,Solitaria,47
,,,,Cycliophora,2,Symbiida,2
,,Acanthocephala,1330,Eoacanthocephala,255,Neoechinorhynchida,157
,,,,,,Gyracanthocephala,98
,,,,Polyacanthocephala,4,Polyacanthorhynchida,4
,,,,Archiacanthocephala,187,Oligacanthorhynchida,96
,,,,,,Moniliformida,20
,,,,,,Gigantorhynchida,64
,,,,,,Apororhynchida,7
,,,,Palaeacanthocephala,884,Heteramorphida,1
,,,,,,Polymorphida,359
,,,,,,Echinorhynchida,524
,,Bryozoa,5434,Stenolaemata,520,Cyclostomatida,520
,,Bryozoa,5434,Gymnolaemata,4845,Cheilostomatida,4552
,,,,,,Ctenostomatida,293
,,,,Phylactolaemata,69,Plumatellida,66
,,,,,,Not assigned,3
,,Cephalorhyncha,237,Kinorhyncha,188,Homalorhagida,68
,,,,,,Cyclorhagida,120
,,,,Priapulida,22,Priapulomorpha,17
,,,,,,Meiopriapulomorpha,1
,,,,,,Seticoronaria,2
,,,,,,Halicryptomorpha,2
,,,,Loricifera,27,Nanaloricida,27
,,Xenacoelomorpha,456,Not assigned,456,Nemertodermatida,18
,,,,,,Acoela,432
,,,,,,Not assigned,6
,,Chordata,71506,Cephalaspidomorphi,47,Petromyzontiformes,47
,,Chordata,71506,Actinopterygii,32513,Siluriformes,3781
,,,,,,Lepisosteiformes,7
,,,,,,Gymnotiformes,234
,,,,,,Cypriniformes,4418
,,,,,,Gobiesociformes,167
,,,,,,Ateleopodiformes,13
,,,,,,Mugiliformes,78
,,,,,,Cetomimiformes,33
,,,,,,Amiiformes,1
,,,,,,Batrachoidiformes,83
,,,,,,Gadiformes,618
,,,,,,Synbranchiformes,120
,,,,,,Ophidiiformes,532
,,,,,,Percopsiformes,10
,,,,,,Esociformes,14
,,,,,,Beloniformes,271
,,,,,,Stephanoberyciformes,70
,,,,,,Cyprinodontiformes,1306
,,,,,,Anguilliformes,918
,,,,,,Syngnathiformes,323
,,,,,,Gasterosteiformes,29
,,,,,,Osteoglossiformes,253
,,,,,,Pleuronectiformes,785
,,,,,,Osmeriformes,326
,,,,,,Stomiiformes,415
,,,,,,Tetraodontiformes,439
,,,,,,Salmoniformes,225
,,,,,,Atheriniformes,355
,,,,,,Albuliformes,13
,,,,,,Aulopiformes,264
,,,,,,Lophiiformes,359
,,,,,,Clupeiformes,395
,,,,,,Scorpaeniformes,1641
,,,,,,Characiformes,2143
,,,,,,Perciformes,11248
,,,,,,Notacanthiformes,28
,,,,,,Gonorynchiformes,37
,,,,,,Beryciformes,163
,,,,,,Saccopharyngiformes,28
,,,,,,Acipenseriformes,27
,,,,,,Elopiformes,9
,,,,,,Lampriformes,23
,,,,,,Polypteriformes,14
,,,,,,Zeiformes,33
,,,,,,Myctophiformes,254
,,,,,,Polymixiiformes,10
,,,,Thaliacea,78,Salpida,45
,,,,,,Pyrosomatida,8
,,,,,,Doliolida,25
,,,,Reptilia,10233,Testudines,344
,,,,,,Crocodylia,25
,,,,,,Squamata,9863
,,,,,,Rhynchocephalia,1
,,,,Mammalia,5828,Primates,508
,,,,,,Monotremata,5
,,,,,,Tubulidentata,1
,,,,,,Hyracoidea,4
,,,,,,Proboscidea,3
,,,,,,Sirenia,4
,,,,,,Perissodactyla,24
,,,,,,Artiodactyla,244
,,,,,,Scandentia,20
,,,,,,Soricomorpha,415
,,,,,,Macroscelidea,15
,,,,,,Dermoptera,2
,,,,,,Lagomorpha,98
,,,,,,Microbiotheria,1
,,,,,,Dasyuromorphia,75
,,,,,,Paucituberculata,6
,,,,,,Peramelemorphia,21
,,,,,,Notoryctemorphia,2
,,,,,,Cetacea,90
,,,,,,Carnivora,289
,,,,,,Erinaceomorpha,24
,,,,,,Cingulata,21
,,,,,,Pilosa,16
,,,,,,Rodentia,2339
,,,,,,Pholidota,8
,,,,,,Diprotodontia,140
,,,,,,Didelphimorphia,87
,,,,,,Afrosoricida,51
,,,,,,Chiroptera,1315
,,,,Ascidiacea,2925,Stolidobranchia,1042
,,,,,,Aplousobranchia,1545
,,,,,,Phlebobranchia,338
,,,,Appendicularia,68,Copelata,68
,,,,Leptocardii,30,Not assigned,30
,,,,Sarcopterygii,8,Ceratodontiformes,1
,,,,,,Lepidosireniformes,5
,,,,,,Coelacanthiformes,2
,,,,Elasmobranchii,1226,Squatiniformes,24
,,,,,,Pristiophoriformes,8
,,,,,,Lamniformes,16
,,,,,,Carcharhiniformes,292
,,,,,,Orectolobiformes,45
,,,,,,Rajiformes,300
,,,,,,Torpediniformes,71
,,,,,,Rhinopristiformes,73
,,,,,,Myliobatiformes,245
,,,,,,Squaliformes,137
,,,,,,Hexanchiformes,6
,,,,,,Heterodontiformes,9
,,,,Myxini,82,Myxiniformes,82
,,,,Holocephali,56,Chimaeriformes,56
,,,,Amphibia,8054,Anura,7104
,,,,,,Gymnophiona,212
,,,,,,Caudata,738
,,,,Aves,10358,Accipitriformes,264
,,,,,,Cariamiformes,2
,,,,,,Eurypygiformes,2
,,,,,,Leptosomiformes,1
,,,,,,Otidiformes,26
,,,,,,Mesitornithiformes,3
,,,,,,Opisthocomiformes,1
,,,,,,Phaethontiformes,3
,,,,,,Pteroclidiformes,16
,,,,,,Bucerotiformes,63
,,,,,,Suliformes,55
,,,,,,Phoenicopteriformes,6
,,,,,,Passeriformes,6226
,,,,,,Trogoniformes,39
,,,,,,Coliiformes,6
,,,,,,Coraciiformes,147
,,,,,,Piciformes,406
,,,,,,Caprimulgiformes,113
,,,,,,Apodiformes,442
,,,,,,Charadriiformes,380
,,,,,,Procellariiformes,138
,,,,,,Nyctibiiformes,7
,,,,,,Tinamiformes,47
,,,,,,Apterygiformes,5
,,,,,,Casuariiformes,4
,,,,,,Struthioniformes,2
,,,,,,Rheiformes,2
,,,,,,Steatornithiformes,1
,,,,,,Sphenisciformes,19
,,,,,,Podicipediformes,22
,,,,,,Gaviiformes,5
,,,,,,Gruiformes,154
,,,,,,Galliformes,289
,,,,,,Pelecaniformes,111
,,,,,,Ciconiiformes,19
,,,,,,Anseriformes,161
,,,,,,Musophagiformes,23
,,,,,,Cuculiformes,140
,,,,,,Strigiformes,239
,,,,,,Psittaciformes,359
,,,,,,Columbiformes,344
,,,,,,Falconiformes,66
,,Mollusca,65442,Gastropoda,53461,Stylommatophora,11940
,,,,,,Littorinimorpha,8842
,,,,,,Not assigned,8963
,,,,,,Neogastropoda,13865
,,,,,,Nudibranchia,2406
,,,,,,Cephalaspidea,766
,,,,,,Umbraculida,10
,,,,,,Runcinida,58
,,,,,,Trochida,2088
,,,,,,Pteropoda,138
,,,,,,Systellommatophora,137
,,,,,,Lepetellida,850
,,,,,,Architaenioglossa,1542
,,,,,,Cycloneritida,649
,,,,,,Pleurobranchida,87
,,,,,,Siphonariida,110
,,,,,,Pleurotomariida,37
,,,,,,Seguenziida,658
,,,,,,Ellobiida,244
,,,,,,Aplysiida,71
,,,,Bivalvia,9115,Cardiida,1236
,,,,,,Arcida,617
,,,,,,Limida,205
,,,,,,Carditida,398
,,,,,,Galeommatida,608
,,,,,,Gastrochaenida,30
,,,,,,Solemyida,56
,,,,,,Nuculida,168
,,,,,,Sphaeriida,106
,,,,,,Lucinida,514
,,,,,,Pectinida,602
,,,,,,Unionida,568
,,,,,,Trigoniida,8
,,,,,,Ostreida,219
,,,,,,Venerida,1428
,,,,,,Myida,361
,,,,,,Mytilida,416
,,,,,,Adapedonta,163
,,,,,,Not assigned,886
,,,,,,Nuculanida,526
,,,,Scaphopoda,576,Gadilida,279
,,,,,,Dentaliida,297
,,,,Polyplacophora,1027,Lepidopleurida,176
,,,,,,Chitonida,851
,,,,Monoplacophora,30,Tryblidiida,30
,,,,Cephalopoda,808,Spirulida,1
,,,,,,Vampyromorpha,1
,,,,,,Sepiida,196
,,,,,,Oegopsida,248
,,,,,,Not assigned,13
,,,,,,Octopoda,295
,,,,,,Nautilida,5
,,,,,,Myopsida,49
,,,,Caudofoveata,141,Chaetodermatida,141
,,,,Solenogastres,284,Pholidoskepia,60
,,,,,,Sterrofustia,13
,,,,,,Neomeniamorpha,26
,,,,,,Cavibelonia,185
,,Nemertea,1371,Pilidiophora,486,Heteronemertea,472
,,,,,,Not assigned,14
,,,,Palaeonemertea,120,Not assigned,120
,,,,Hoplonemertea,734,Monostilifera,582
,,,,,,Polystilifera,152
,,,,Not assigned,31,Not assigned,31
,,Orthonectida,25,Not assigned,25,Not assigned,25
,,Echinodermata,6723,Echinoidea,996,Camarodonta,187
,,,,,,Micropygoida,2
,,,,,,Pedinoida,13
,,,,,,Aspidodiadematoida,18
,,,,,,Arbacioida,25
,,,,,,Spatangoida,265
,,,,,,Not assigned,4
,,,,,,Holasteroida,52
,,,,,,Echinolampadoida,14
,,,,,,Salenioida,15
,,,,,,Cassiduloida,14
,,,,,,Echinothurioida,60
,,,,,,Echinoneoida,3
,,,,,,Stomopneustoida,1
,,,,,,Diadematoida,33
,,,,,,Clypeasteroida,137
,,,,,,Cidaroida,153
,,,,Asteroidea,1895,Notomyotida,70
,,,,,,Valvatida,789
,,,,,,Forcipulatida,274
,,,,,,Not assigned,2
,,,,,,Peripodida,3
,,,,,,Paxillosida,371
,,,,,,Brisingida,108
,,,,,,Velatida,142
,,,,,,Spinulosida,136
,,,,Ophiuroidea,2090,Ophiacanthida,508
,,,,,,Ophioleucida,20
,,,,,,Ophiurida,399
,,,,,,Ophioscolecida,59
,,,,,,Amphilepidida,912
,,,,,,Euryalida,192
,,,,Holothuroidea,1742,Persiculida,39
,,,,,,Molpadida,102
,,,,,,Elasipodida,152
,,,,,,Dendrochirotida,776
,,,,,,Synallactida,129
,,,,,,Apodida,313
,,,,,,Holothuriida,231
,,Cnidaria,11148,Anthozoa,7127,Scleractinia,1607
,,,,,,Antipatharia,267
,,,,,,Alcyonacea,3408
,,,,,,Actiniaria,1138
,,,,,,Zoantharia,288
,,,,,,Spirularia,98
,,,,,,Pennatulacea,229
,,,,,,Penicillaria,38
,,,,,,Helioporacea,6
,,,,,,Corallimorpharia,48
,,,,Hydrozoa,3730,Leptothecata,2077
,,,,,,Anthoathecata,1303
,,,,,,Actinulida,10
,,,,,,Narcomedusae,43
,,,,,,Siphonophorae,188
,,,,,,Trachymedusae,53
,,,,,,Limnomedusae,56
,,,,Staurozoa,50,Stauromedusae,50
,,,,Scyphozoa,194,Semaeostomeae,65
,,,,,,Rhizostomeae,76
,,,,,,Coronatae,53
,,,,Cubozoa,47,Chirodropida,14
,,,,,,Carybdeida,33
,,Brachiopoda,396,Rhynchonellata,355,Terebratulida,294
,,,,,,Thecideida,23
,,,,,,Rhynchonellida,38
,,,,Lingulata,25,Lingulida,25
,,,,Craniata,16,Craniida,16
,,Nematomorpha,356,Gordioida,356,Gordioidea,356
,,Myxozoa,194,Myxosporea,194,Multivalvulida,12
,,,,,,Bivalvulida,182
,,Rotifera,2014,Eurotatoria,2011,Flosculariaceae,154
,,,,,,Collothecacea,53
,,,,,,Ploima,1416
,,,,,,Bdelloidea,388
,,,,Pararotatoria,3,Seisonacea,3
,,Porifera,9092,Hexactinellida,664,Lyssacinosida,325
,,,,,,Sceptrulophora,150
,,,,,,Amphidiscosida,170
,,,,,,Lychniscosida,7
,,,,,,Not assigned,12
,,,,Calcarea,775,Leucosolenida,510
,,,,,,Baerida,18
,,,,,,Lithonida,18
,,,,,,Clathrinida,225
,,,,,,Murrayonida,4
,,,,Homoscleromorpha,120,Homosclerophorida,120
,,,,Demospongiae,7532,Verongiida,91
,,,,,,Polymastiida,128
,,,,,,Tetractinellida,1124
,,,,,,Axinellida,561
,,,,,,Tethyida,201
,,,,,,Clionaida,202
,,,,,,Haplosclerida,1101
,,,,,,Poecilosclerida,2308
,,,,,,Chondrillida,42
,,,,,,Spongillida,257
,,,,,,Suberitida,500
,,,,,,Sphaerocladina,3
,,,,,,Dictyoceratida,540
,,,,,,Trachycladida,10
,,,,,,Desmacellida,36
,,,,,,Bubarida,104
,,,,,,Chondrosiida,10
,,,,,,Merliida,36
,,,,,,Biemnida,103
,,,,,,Scopalinida,31
,,,,,,Dendroceratida,72
,,,,,,Agelasida,68
,,,,,,Not assigned,4
,,,,Not assigned,1,Not assigned,1
,,Platyhelminthes,18616,Trematoda,5975,Not assigned,19
,,,,,,Stichocotylida,1
,,,,,,Plagiorchiida,5500
,,,,,,Aspidogastrida,60
,,,,,,Diplostomida,395
,,,,Not assigned,5706,Tricladida,1779
,,,,,,Rhabdocoela,1744
,,,,,,Prorhynchida,30
,,,,,,Proseriata,459
,,,,,,Prolecithophora,197
,,,,,,Not assigned,188
,,,,,,Polycladida,1012
,,,,,,Macrostomorpha,191
,,,,,,Gnosonesimida,6
,,,,,,Dolichomicrostomida,79
,,,,,,Fecampiida,17
,,,,,,Bothrioplanida,4
,,,,Monogenea,4995,Mazocraeidea,893
,,,,,,Gyrodactylidea,632
,,,,,,Capsalidea,235
,,,,,,Monocotylidea,198
,,,,,,Polystomatidea,33
,,,,,,Dactylogyridea,2924
,,,,,,Chimaericolidea,5
,,,,,,Montchadskyellidea,1
,,,,,,Diclybothriidea,74
,,,,Cestoda,1940,Amphilinidea,10
,,,,,,Onchoproteocephalidea,333
,,,,,,Cathetocephalidea,6
,,,,,,Spathebothriidea,9
,,,,,,Lecanicephalidea,96
,,,,,,Diphyllobothriidea,81
,,,,,,Rhinebothriidea,189
,,,,,,Tetraphyllidea,134
,,,,,,Tetrabothriidea,79
,,,,,,Bothriocephalidea,147
,,,,,,Phyllobothriidea,164
,,,,,,Cyclophyllidea,247
,,,,,,Gyrocotylidea,12
,,,,,,Diphyllidea,63
,,,,,,Haplobothriidea,2
,,,,,,Caryophyllidea,4
,,,,,,Not assigned,1
,,,,,,Litobothriidea,9
,,,,,,Nippotaeniidea,6
,,,,,,Trypanorhyncha,348
,,Phoronida,19,Not assigned,19,Not assigned,19
,,Placozoa,2,Not assigned,2,Not assigned,2
,,Gnathostomulida,100,Not assigned,100,Filospermoidea,28
,,,,,,Bursovaginoidea,72
,,Gastrotricha,852,Not assigned,852,Chaetonotida,481
,,,,,,Macrodasyida,371
,,Dicyemida,122,Rhombozoa,122,Not assigned,122
,,Ctenophora,200,Nuda,26,Beroida,26
,,Ctenophora,200,Tentaculata,174,Cambojiida,1
,,,,,,Ganeshida,2
,,,,,,Cryptolobiferida,2
,,,,,,Cestida,2
,,,,,,Platyctenida,49
,,,,,,Cydippida,72
,,,,,,Lobata,45
,,,,,,Thalassocalycida,1
,,Chaetognatha,132,Sagittoidea,132,Phragmophora,66
,,,,,,Aphragmophora,66
Fungi,146155,Ascomycota,92725,Pezizomycetes,2788,Pezizales,2788
Fungi,146155,Ascomycota,92725,Dothideomycetes,31033,Botryosphaeriales,4282
,,,,,,Microthyriales,884
,,,,,,Jahnulales,38
,,,,,,Superstratomycetales,4
,,,,,,Bezerromycetales,3
,,,,,,Neocelosporiales,1
,,,,,,Dyfrolomycetales,9
,,,,,,Stigmatodiscales,7
,,,,,,Natipusillales,4
,,,,,,Minutisphaerales,4
,,,,,,Cladoriellales,5
,,,,,,Tirisporellales,2
,,,,,,Zeloasperisporiales,8
,,,,,,Phaeotrichales,11
,,,,,,Collemopsidiales,50
,,,,,,Abrothallales,41
,,,,,,Acrospermales,52
,,,,,,Asterotexales,2
,,,,,,Venturiales,530
,,,,,,Myriangiales,374
,,,,,,Mytilinidiales,171
,,,,,,Hysteriales,169
,,,,,,Trypetheliales,478
,,,,,,Muyocopronales,63
,,,,,,Pleosporales,10142
,,,,,,Not assigned,2907
,,,,,,Capnodiales,7553
,,,,,,Asterinales,1569
,,,,,,Dothideales,795
,,,,,,Monoblastiales,82
,,,,,,Eremithallales,44
,,,,,,Lichenotheliales,11
,,,,,,Patellariales,141
,,,,,,Tubeufiales,453
,,,,,,Lichenoconiales,16
,,,,,,Valsariales,42
,,,,,,Strigulales,86
,,,,Archaeorhizomycetes,2,Archaeorhizomycetales,2
,,,,Pneumocystomycetes,7,Pneumocystales,7
,,,,Schizosaccharomycetes,5,Schizosaccharomycetales,5
,,,,Neolectomycetes,5,Neolectales,5
,,,,Laboulbeniomycetes,2395,Not assigned,2
,,,,,,Herpomycetales,26
,,,,,,Laboulbeniales,2333
,,,,,,Pyxidiophorales,34
,,,,Lecanoromycetes,11207,Turquoiseomycetales,1
,,,,,,Graphidales,2
,,,,,,Hymeneliales,22
,,,,,,Schaereriales,11
,,,,,,Baeomycetales,22
,,,,,,Lecanorales,4104
,,,,,,Pertusariales,634
,,,,,,Ostropales,3018
,,,,,,Caliciales,910
,,,,,,Acarosporales,141
,,,,,,Rhizocarpales,84
,,,,,,Not assigned,249
,,,,,,Arctomiales,9
,,,,,,Peltigerales,916
,,,,,,Lecideales,237
,,,,,,Umbilicariales,107
,,,,,,Teloschistales,740
,,,,Eurotiomycetes,3810,Sclerococcales,3
,,,,,,Phaeomoniellales,18
,,,,,,Coryneliales,58
,,,,,,Verrucariales,590
,,,,,,Chaetothyriales,691
,,,,,,Not assigned,105
,,,,,,Onygenales,428
,,,,,,Eurotiales,1493
,,,,,,Arachnomycetales,17
,,,,,,Ascosphaerales,30
,,,,,,Mycocaliciales,103
,,,,,,Pyrenulales,274
,,,,Orbiliomycetes,414,Not assigned,1
,,,,,,Orbiliales,413
,,,,Sordariomycetes,23188,Tracyllales,1
,,,,,,Pseudodactylariales,2
,,,,,,Pararamichloridiales,3
,,,,,,Halosphaeriales,1
,,,,,,Distoseptisporales,23
,,,,,,Fuscosporellales,8
,,,,,,Delonicicolales,4
,,,,,,Atractosporales,6
,,,,,,Xenospadicoidales,2
,,,,,,Myrmecridiales,16
,,,,,,Pisorisporiales,4
,,,,,,Falcocladiales,6
,,,,,,Jobellisiales,8
,,,,,,Spathulosporales,6
,,,,,,Torpedosporales,3
,,,,,,Batistiales,4
,,,,,,Amplistromatales,32
,,,,,,Togniniales,74
,,,,,,Koralionastetales,5
,,,,,,Pleurotheciales,15
,,,,,,Annulatascales,89
,,,,,,Vermiculariopsiellales,26
,,,,,,Phomatosporales,80
,,,,,,Not assigned,913
,,,,,,Magnaporthales,280
,,,,,,Coniochaetales,107
,,,,,,Cordanales,22
,,,,,,Chaetosphaeriales,602
,,,,,,Melanosporales,169
,,,,,,Meliolales,2490
,,,,,,Glomerellales,575
,,,,,,Coronophorales,257
,,,,,,Phyllachorales,1331
,,,,,,Diaporthales,3578
,,,,,,Xylariales,2911
,,,,,,Microascales,754
,,,,,,Ophiostomatales,398
,,,,,,Amphisphaeriales,1240
,,,,,,Sordariales,1411
,,,,,,Hypocreales,5313
,,,,,,Boliniales,78
,,,,,,Parasympodiellales,9
,,,,,,Savoryellales,12
,,,,,,Lulworthiales,52
,,,,,,Cephalothecales,31
,,,,,,Conioscyphales,14
,,,,,,Trichosphaeriales,140
,,,,,,Calosphaeriales,83
,,,,Leotiomycetes,9973,Rhytismatales,1348
,,,,,,Not assigned,410
,,,,,,Chaetomellales,181
,,,,,,Erysiphales,1090
,,,,,,Helotiales,6266
,,,,,,Phacidiales,197
,,,,,,Thelebolales,205
,,,,,,Lichinodiales,19
,,,,,,Medeolariales,35
,,,,,,Cyttariales,165
,,,,,,Leotiales,57
,,,,Taphrinomycetes,152,Not assigned,2
,,,,,,Taphrinales,150
,,,,Saccharomycetes,1180,Not assigned,8
,,,,,,Saccharomycetales,1172
,,,,Not assigned,5181,Lahmiales,3
,,,,,,Lauriomycetales,11
,,,,,,Thelocarpales,30
,,,,,,Triblidiales,27
,,,,,,Not assigned,5090
,,,,,,Vezdaeales,14
,,,,,,Wiesneriomycetales,6
,,,,Xylobotryomycetes,9,Xylobotryales,9
,,,,Candelariomycetes,46,Candelariales,46
,,,,Geoglossomycetes,90,Geoglossales,90
,,,,Arthoniomycetes,1036,Lichenostigmatales,31
,,,,,,Arthoniales,1005
,,,,Coniocybomycetes,33,Coniocybales,33
,,,,Lichinomycetes,163,Lichinales,163
,,,,Xylonomycetes,8,Xylonales,8
,,Basidiomycota,50385,Agaricomycetes,38321,Cantharellales,851
,,,,,,Agaricales,24450
,,,,,,Lepidostromatales,14
,,,,,,Jaapiales,2
,,,,,,Tremellodendropsidales,7
,,,,,,Amylocorticiales,52
,,,,,,Gomphales,502
,,,,,,Not assigned,185
,,,,,,Atheliales,109
,,,,,,Corticiales,180
,,,,,,Hysterangiales,145
,,,,,,Phallales,181
,,,,,,Boletales,2299
,,,,,,Polyporales,3781
,,,,,,Auriculariales,319
,,,,,,Russulales,3268
,,,,,,Hymenochaetales,1131
,,,,,,Thelephorales,406
,,,,,,Trechisporales,141
,,,,,,Sebacinales,100
,,,,,,Stereopsidales,17
,,,,,,Gloeophyllales,43
,,,,,,Geastrales,138
,,,,Exobasidiomycetes,827,Robbauerales,1
,,,,,,Not assigned,7
,,,,,,Ceraceosorales,3
,,,,,,Georgefischeriales,40
,,,,,,Microstromatales,49
,,,,,,Exobasidiales,168
,,,,,,Entylomatales,267
,,,,,,Tilletiales,237
,,,,,,Doassansiales,55
,,,,Bartheletiomycetes,1,Bartheletiales,1
,,,,Geminibasidiomycetes,5,Geminibasidiales,5
,,,,Classiculomycetes,3,Classiculales,3
,,,,Mixiomycetes,1,Mixiales,1
,,,,Tritirachiomycetes,15,Tritirachiales,15
,,,,Wallemiomycetes,11,Not assigned,1
,,,,,,Wallemiales,10
,,,,Entorrhizomycetes,24,Talbotiomycetales,1
,,,,,,Entorrhizales,23
,,,,Cryptomycocolacomycetes,2,Cryptomycocolacales,2
,,,,Malasseziomycetes,23,Malasseziales,23
,,,,Agaricostilbomycetes,78,Not assigned,2
,,,,,,Spiculogloeales,12
,,,,,,Agaricostilbales,64
,,,,Tremellomycetes,620,Not assigned,2
,,,,,,Filobasidiales,29
,,,,,,Holtermanniales,6
,,,,,,Tremellales,452
,,,,,,Moniliellales,12
,,,,,,Cystofilobasidiales,38
,,,,,,Trichosporonales,81
,,,,Ustilaginomycetes,1426,Violaceomycetales,1
,,,,,,Not assigned,1
,,,,,,Uleiellales,2
,,,,,,Ustilaginales,1095
,,,,,,Urocystidales,327
,,,,Pucciniomycetes,8357,Helicobasidiales,35
,,,,,,Pachnocybales,4
,,,,,,Septobasidiales,247
,,,,,,Pucciniales,8002
,,,,,,Platygloeales,69
,,,,Cystobasidiomycetes,64,Cyphobasidiales,2
,,,,,,Buckleyzymales,5
,,,,,,Sakaguchiales,5
,,,,,,Cystobasidiales,23
,,,,,,Naohideales,1
,,,,,,Erythrobasidiales,11
,,,,,,Not assigned,17
,,,,Atractiellomycetes,74,Not assigned,7
,,,,,,Atractiellales,67
,,,,Not assigned,33,Not assigned,33
,,,,Dacrymycetes,174,Unilacrymales,1
,,,,,,Dacrymycetales,173
,,,,Microbotryomycetes,326,Kriegeriales,7
,,,,,,Heterogastridiales,17
,,,,,,Leucosporidiales,10
,,,,,,Not assigned,36
,,,,,,Microbotryales,163
,,,,,,Sporidiobolales,93
,,Zygomycota,1082,Zoopagomycetes,227,Zoopagales,227
,,Zygomycota,1082,Zygomycetes,1,Not assigned,1
,,Zygomycota,1082,Mucoromycetes,304,Calcarisporiellales,1
,,,,,,Mucorales,303
,,,,Not assigned,106,Basidiobolales,5
,,,,,,Endogonales,34
,,,,,,Dimargaritales,14
,,,,,,Not assigned,23
,,,,,,Asellariales,13
,,,,,,Umbelopsidales,17
,,,,Kickxellomycetes,322,Priscadvenales,1
,,,,,,Orphellales,14
,,,,,,Kickxellales,41
,,,,,,Harpellales,266
,,,,Mortierellomycetes,122,Mortierellales,122
,,Blastocladiomycota,218,Not assigned,1,Not assigned,1
,,Blastocladiomycota,218,Blastocladiomycetes,217,Blastocladiales,132
,,,,,,Physodermatales,85
,,Chytridiomycota,1053,Sanchytriomycetes,1,Sanchytriales,1
,,Chytridiomycota,1053,Not assigned,23,Nephridiophagales,13
,,,,,,Not assigned,10
,,,,Neocallimastigomycetes,35,Neocallimastigales,35
,,,,Chytridiomycetes,766,Gromochytriales,1
,,,,,,Lobulomycetales,6
,,,,,,Polychytriales,1
,,,,,,Olpidiales,56
,,,,,,Cladochytriales,24
,,,,,,Not assigned,10
,,,,,,Rhizophlyctidales,36
,,,,,,Chytridiales,600
,,,,,,Spizellomycetales,32
,,,,Rhizophydiomycetes,192,Rhizophydiales,192
,,,,Monoblepharidomycetes,36,Monoblepharidales,36
,,Glomeromycota,334,Not assigned,5,Not assigned,5
,,Glomeromycota,334,Glomeromycetes,329,Not assigned,2
,,,,,,Paraglomerales,10
,,,,,,Archaeosporales,18
,,,,,,Diversisporales,153
,,,,,,Glomerales,146
,,Entomophthoromycota,326,Entomophthoromycetes,326,Entomophthorales,326
,,Not assigned,32,Not assigned,32,Not assigned,32
Plantae,366658,Tracheophyta,345869,Liliopsida,77963,Asparagales,39055
,,,,,,Alismatales,4391
,,,,,,Arecales,2604
,,,,,,Acorales,2
,,,,,,Poales,23955
,,,,,,Pandanales,1610
,,,,,,Zingiberales,2810
,,,,,,Petrosaviales,4
,,,,,,Liliales,1764
,,,,,,Dioscoreales,860
,,,,,,Commelinales,908
,,,,Magnoliopsida,253406,Lamiales,27219
,,,,,,Gentianales,22577
,,,,,,Magnoliales,3270
,,,,,,Ericales,13743
,,,,,,Cucurbitales,3027
,,,,,,Caryophyllales,13418
,,,,,,Asterales,38122
,,,,,,Aquifoliales,745
,,,,,,Apiales,5834
,,,,,,Zygophyllales,304
,,,,,,Vitales,1018
,,,,,,Sapindales,6567
,,,,,,Santalales,2488
,,,,,,Rosales,10585
,,,,,,Ranunculales,5966
,,,,,,Piperales,4189
,,,,,,Laurales,3747
,,,,,,Dipsacales,1266
,,,,,,Dilleniales,524
,,,,,,Boraginales,3392
,,,,,,Fabales,22202
,,,,,,Huerteales,27
,,,,,,Icacinales,222
,,,,,,Geraniales,815
,,,,,,Garryales,27
,,,,,,Crossosomatales,70
,,,,,,Brassicales,4759
,,,,,,Capparales,4
,,,,,,Trochodendrales,2
,,,,,,Vahliales,5
,,,,,,Picramniales,53
,,,,,,Cornales,678
,,,,,,Chloranthales,73
,,,,,,Nymphaeales,101
,,,,,,Ceratophyllales,5
,,,,,,Gunnerales,65
,,,,,,Amborellales,1
,,,,,,Austrobaileyales,96
,,,,,,Buxales,130
,,,,,,Canellales,89
,,,,,,Berberidopsidales,4
,,,,,,Bruniales,86
,,,,,,Celastrales,1355
,,,,,,Nepenthales,3
,,,,,,Fagales,1599
,,,,,,Metteniusales,7
,,,,,,Oxalidales,2012
,,,,,,Escalloniales,125
,,,,,,Saxifragales,3082
,,,,,,Myrtales,14537
,,,,,,Malvales,7300
,,,,,,Malpighiales,19024
,,,,,,Proteales,1998
,,,,,,Paracryphiales,37
,,,,,,Solanales,4812
,,,,Lycopodiopsida,1419,Lycopodiales,502
,,,,,,Isoetales,208
,,,,,,Selaginellales,709
,,,,Polypodiopsida,11993,Hymenophyllales,615
,,,,,,Schizaeales,191
,,,,,,Polypodiales,9836
,,,,,,Equisetales,39
,,,,,,Gleicheniales,165
,,,,,,Osmundales,26
,,,,,,Salviniales,76
,,,,,,Psilotales,19
,,,,,,Marattiales,127
,,,,,,Ophioglossales,127
,,,,,,Cyatheales,772
,,,,Ginkgoopsida,1,Ginkgoales,1
,,,,Cycadopsida,355,Cycadales,355
,,,,Gnetopsida,117,Ephedrales,73
,,,,,,Welwitschiales,1
,,,,,,Gnetales,43
,,,,Pinopsida,615,Pinales,615
,,Bryophyta,13362,Sphagnopsida,307,Sphagnales,307
,,Bryophyta,13362,Bryopsida,12953,Schistostegiales,1
,,,,,,Buxbaumiales,28
,,,,,,Archidiales,37
,,,,,,Tetraphidales,14
,,,,,,Orthotrichales,921
,,,,,,Pottiales,1625
,,,,,,Funariales,391
,,,,,,Not assigned,151
,,,,,,Fissidentales,521
,,,,,,Grimmiales,366
,,,,,,Polytrichales,234
,,,,,,Bryales,1754
,,,,,,Dicranales,1548
,,,,,,Hookeriales,818
,,,,,,Leucodontales,948
,,,,,,Hypnales,3416
,,,,,,Isobryales,118
,,,,,,Seligerales,56
,,,,,,Hypnobryales,6
,,,,Andreaeopsida,102,Andreaeales,101
,,,,,,Andreaeobryales,1
,,Anthocerotophyta,221,Leiosporocerotopsida,1,Leiosporocerotales,1
,,Anthocerotophyta,221,Anthocerotopsida,220,Phymatocerotales,2
,,,,,,Dendrocerotales,67
,,,,,,Anthocerotales,87
,,,,,,Notothyladales,64
,,Marchantiophyta,7206,Haplomitriopsida,18,Calobryales,7
,,,,,,Treubiales,11
,,,,Jungermanniopsida,6696,Ptilidiales,7
,,,,,,Pallaviciniales,78
,,,,,,Pleuroziales,12
,,,,,,Porellales,2904
,,,,,,Jungermanniales,3146
,,,,,,Fossombroniales,105
,,,,,,Pelliales,14
,,,,,,Metzgeriales,430
,,,,Marchantiopsida,492,Neohodgsoniales,1
,,,,,,Lunulariales,1
,,,,,,Blasiales,2
,,,,,,Sphaerocarpales,40
,,,,,,Marchantiales,448
Chromista,21263,Ochrophyta,1129,Bacillariophyceae,1129,Naviculales,946
,,,,,,Chaetocerotales,183
,,Miozoa,249,Conoidasida,21,Eucoccidiorida,21
,,Miozoa,249,Dinophyceae,228,Gymnodiniales,228
,,Foraminifera,9076,Tubothalamea,1805,Spirillinida,190
,,,,,,Miliolida,1615
,,,,Not assigned,2364,Lagenida,2304
,,,,,,Involutinida,3
,,,,,,Not assigned,57
,,,,Globothalamea,4240,Textulariida,364
,,,,,,Rotaliida,2940
,,,,,,Lituolida,791
,,,,,,Robertinida,84
,,,,,,Carterinida,7
,,,,,,Loftusiida,54
,,,,Monothalamea,667,Astrorhizida,457
,,,,,,Not assigned,86
,,,,,,Allogromiida,124
,,Ciliophora,8613,Colpodea,263,Bryometopida,30
,,,,,,Cyrtolophosidida,51
,,,,,,Bursariomorphida,54
,,,,,,Bryophryida,8
,,,,,,Sorogenida,2
,,,,,,Grossglockneriida,11
,,,,,,Colpodida,107
,,,,Gymnostomatea,1001,Spathidiida,454
,,,,,,Pleurostomatida,292
,,,,,,Prorodontida,12
,,,,,,Pseudoholophryida,9
,,,,,,Haptorida,198
,,,,,,Cyclotrichida,36
,,,,Kinetofragminophora,513,Suctorida,387
,,,,,,Trichostomatida,88
,,,,,,Apostomatida,19
,,,,,,Plagiopylida,19
,,,,Oligotrichea,837,Tintinnida,319
,,,,,,Strombidiida,147
,,,,,,Oligotrichida,273
,,,,,,Halteriida,26
,,,,,,Choreotrichida,72
,,,,Hypotrichea,1361,Oxytrichida,484
,,,,,,Urostylida,387
,,,,,,Stichotrichida,212
,,,,,,Euplotida,278
,,,,Heterotrichea,697,Heterotrichida,657
,,,,,,Plagiotomida,39
,,,,,,Armophorida,1
,,,,Oligohymenophorea,2648,Peritrichida,1723
,,,,,,Scuticociliatida,190
,,,,,,Hymenostomatida,347
,,,,,,Peniculida,143
,,,,,,Astomatida,201
,,,,,,Pleuronematida,38
,,,,,,Philasterida,6
,,,,Karyorelictea,179,Trachelocercida,91
,,,,,,Loxodida,59
,,,,,,Protoheterotrichida,23
,,,,,,Karyorelictida,6
,,,,Litostomatea,87,Dileptida,85
,,,,,,Tracheliida,2
,,,,Prostomatea,386,Prostomatida,386
,,,,Spirotrichea,79,Odontostomatida,50
,,,,,,Phacodiniida,3
,,,,,,Protocruziida,9
,,,,,,Kiitrichida,5
,,,,,,Licnophorida,12
,,,,Cyrtophoria,305,Chilodonellida,5
,,,,,,Chlamydodontida,20
,,,,,,Dysteriida,70
,,,,,,Cyrtophorida,210
,,,,Nassophorea,208,Synhymeniida,28
,,,,,,Nassulida,172
,,,,,,Nassulopsida,8
,,,,Phyllopharyngea,14,Paracinetida,14
,,,,Not assigned,35,Not assigned,35
,,Radiozoa,417,Polycystina,417,Nassellaria,257
,,,,,,Spumellaria,160
,,Oomycota,1674,Bigyromonadea,1,Developayellales,1
,,Oomycota,1674,Peronosporea,1642,Lagenismatales,1
,,,,,,Pontismatales,2
,,,,,,Peronosporales,1180
,,,,,,Leptomitales,45
,,,,,,Saprolegniales,243
,,,,,,Albuginales,67
,,,,,,Haptoglossales,12
,,,,,,Not assigned,12
,,,,,,Olpidiopsidales,28
,,,,,,Rhipidiales,18
,,,,,,Rozellopsidales,28
,,,,,,Anisolpidiales,6
,,,,Hyphochytrea,23,Hyphochytriales,23
,,,,Not assigned,8,Not assigned,8
,,Cercozoa,52,Phytomyxea,52,Plasmodiophorida,48
,,,,,,Not assigned,4
,,Bigyra,53,Labyrinthulea,53,Labyrinthulida,9
,,,,,,Thraustochytrida,44
Protozoa,2565,Choanozoa,98,Not assigned,2,Not assigned,2
Protozoa,2565,Choanozoa,98,Ichthyosporea,96,Eccrinida,96
Protozoa,2565,Microsporidia,1222,Microsporea,1182,Dissociodihaplophasida,356
,,,,,,Glugeida,292
,,,,,,Not assigned,185
,,,,,,Meiodihaplophasida,325
,,,,,,Chytridiopsida,24
,,,,Rudimicrosporea,28,Metchnikovellida,28
,,,,Not assigned,12,Not assigned,12
,,Mycetozoa,1245,Myxomycetes,1045,Liceales,166
,,,,,,Physarales,434
,,,,,,Trichiales,195
,,,,,,Not assigned,2
,,,,,,Stemonitales,226
,,,,,,Echinosteliales,22
,,,,Dictyosteliomycetes,165,Acytosteliales,80
,,,,,,Not assigned,12
,,,,,,Dictyosteliales,73
,,,,Protosteliomycetes,35,Ceratiomyxales,4
,,,,,,Protosteliales,31
Bacteria,9980,Actinobacteria,2419,Not assigned,2413,Actinomycetales,2321
,,,,,,Nitriliruptorales,1
,,,,,,Euzebyales,1
,,,,,,Solirubrobacterales,7
,,,,,,Thermoleophilales,2
,,,,,,Gaiellales,1
,,,,,,Bifidobacteriales,48
,,,,,,Rubrobacterales,3
,,,,,,Coriobacteriales,29
,,,,Actinobacteria,6,Acidimicrobiales,6
,,Cyanobacteria,632,Not assigned,1,Not assigned,1
,,Cyanobacteria,632,Cyanophyceae,631,Pleurocapsales,7
,,,,,,Chroococcales,160
,,,,,,Chamaesiphonales,16
,,,,,,Nostocales,412
,,,,,,Stigonematales,36
,,Bacteroidetes,845,Not assigned,5,Not assigned,5
,,Bacteroidetes,845,Sphingobacteriia,135,Sphingobacteriales,135
,,Bacteroidetes,845,Bacteroidia,148,Bacteroidales,148
,,Bacteroidetes,845,Flavobacteriia,401,Flavobacteriales,401
,,Bacteroidetes,845,Cytophagia,156,Cytophagales,156
,,Acidobacteria,15,Not assigned,12,Not assigned,1
,,,,,,Acidobacteriales,11
,,,,Holophagae,3,Acanthopleuribacterales,1
,,,,,,Holophagales,2
,,Chloroflexi,25,Dehalococcoidetes,1,Not assigned,1
,,Chloroflexi,25,Ktedonobacteria,4,Thermogemmatisporales,2
,,,,,,Ktedonobacterales,2
,,,,Thermomicrobia,3,Thermomicrobiales,2
,,,,,,Sphaerobacterales,1
,,,,Chloroflexia,9,Chloroflexales,7
,,,,,,Herpetosiphonales,2
,,,,Caldilineae,2,Caldilineales,2
,,,,Anaerolineae,6,Anaerolineales,6
,,Proteobacteria,3571,Alphaproteobacteria,1101,Not assigned,4
,,,,,,Rickettsiales,57
,,,,,,Rhizobiales,399
,,,,,,Rhodospirillales,174
,,,,,,Caulobacterales,64
,,,,,,Kordiimonadales,2
,,,,,,Parvularculales,2
,,,,,,Kiloniellales,1
,,,,,,Sphingomonadales,155
,,,,,,Sneathiellales,2
,,,,,,Rhodobacterales,241
,,,,Betaproteobacteria,511,Not assigned,1
,,,,,,Burkholderiales,350
,,,,,,Nitrosomonadales,15
,,,,,,Rhodocyclales,43
,,,,,,Neisseriales,79
,,,,,,Methylophilales,13
,,,,,,Hydrogenophilales,10
,,,,Gammaproteobacteria,1594,Not assigned,30
,,,,,,Alteromonadales,266
,,,,,,Thiotrichales,56
,,,,,,Legionellales,61
,,,,,,Oceanospirillales,173
,,,,,,Pseudomonadales,248
,,,,,,Cardiobacteriales,5
,,,,,,Chromatiales,108
,,,,,,Enterobacteriales,227
,,,,,,Acidithiobacillales,6
,,,,,,Aeromonadales,44
,,,,,,Vibrionales,125
,,,,,,Xanthomonadales,135
,,,,,,Pasteurellales,74
,,,,,,Salinisphaerales,3
,,,,,,Methylococcales,33
,,,,Zetaproteobacteria,1,Mariprofundales,1
,,,,Deltaproteobacteria,269,Desulfarculales,1
,,,,,,Desulfobacterales,58
,,,,,,Desulfovibrionales,85
,,,,,,Bdellovibrionales,7
,,,,,,Syntrophobacterales,19
,,,,,,Desulfurellales,7
,,,,,,Desulfuromonadales,39
,,,,,,Myxococcales,53
,,,,Epsilonproteobacteria,95,Nautiliales,11
,,,,,,Campylobacterales,84
,,Tenericutes,202,Not assigned,202,Haloplasmatales,1
,,,,,,Acholeplasmatales,15
,,,,,,Entomoplasmatales,55
,,,,,,Anaeroplasmatales,5
,,,,,,Mycoplasmatales,126
,,Firmicutes,1841,Clostridia,595,Thermoanaerobacterales,61
,,,,,,Clostridiales,504
,,,,,,Halanaerobiales,27
,,,,,,Natranaerobiales,3
,,,,Bacilli,1155,Bacillales,761
,,,,,,Lactobacillales,394
,,,,Erysipelotrichia,12,Erysipelotrichales,12
,,,,Negativicutes,77,Selenomonadales,77
,,,,Thermolithobacteria,2,Thermolithobacterales,2
,,Spirochaetae,111,Spirochaetes,111,Spirochaetales,111
,,Deferribacteres,12,Deferribacteres,12,Deferribacterales,12
,,Aquificae,28,Aquificae,28,Aquificales,28
,,Verrucomicrobia,34,Opitutae,9,Puniceicoccales,7
,,,,,,Opitutales,2
,,,,Verrucomicrobiae,25,Verrucomicrobiales,25
,,Thermotogae,40,Thermotogae,40,Thermotogales,40
,,Thermodesulfobacteria,7,Thermodesulfobacteria,7,Thermodesulfobacteriales,7
,,Synergistetes,19,Synergistia,19,Synergistales,19
,,Chrysiogenetes,4,Chrysiogenetes,4,Chrysiogenales,4
,,Chlorobi,17,Ignavibacteria,1,Ignavibacteriales,1
,,Chlorobi,17,Chlorobea,16,Chlorobiales,16
,,Caldiserica,1,Caldisericia,1,Caldisericales,1
,,Chlamydiae,13,Chlamydiae,13,Chlamydiales,13
,,Deinococcus-thermus,74,Deinococci,74,Deinococcales,49
,,,,,,Thermales,25
,,Dictyoglomi,2,Dictyoglomia,2,Dictyoglomales,2
,,Fusobacteria,33,Fusobacteriia,33,Fusobacteriales,33
,,Fibrobacteres,2,Fibrobacteria,2,Fibrobacterales,2
,,Elusimicrobia,1,Elusimicrobia,1,Elusimicrobiales,1
,,Nitrospira,10,Nitrospira,10,Nitrospirales,10
,,Planctomycetes,17,Planctomycetacia,16,Planctomycetales,16
,,Planctomycetes,17,Phycisphaerae,1,Phycisphaerales,1
,,Lentisphaerae,2,Lentisphaeria,2,Victivallales,1
,,,,,,Lentisphaerales,1
,,Gemmatimonadetes,1,Gemmatimonadetes,1,Gemmatimonadales,1
,,Armatimonadetes,2,Armatimonadia,1,Armatimonadales,1
,,Armatimonadetes,2,Chthonomonadetes,1,Chthonomonadales,1
Archaea,377,Euryarchaeota,319,Thermoplasmata,8,Thermoplasmatales,8
Archaea,377,Euryarchaeota,319,Methanomicrobia,72,Methanosarcinales,32
,,,,,,Methanomicrobiales,38
,,,,,,Methanocellales,2
,,,,Halobacteria,138,Halobacteriales,138
,,,,Archaeoglobi,8,Archaeoglobales,8
,,,,Thermococci,34,Thermococcales,34
,,,,Methanopyri,1,Methanopyrales,1
,,,,Methanococci,14,Methanococcales,14
,,,,Methanobacteria,44,Methanobacteriales,44
,,Crenarchaeota,58,Thermoprotei,58,Thermoproteales,14
,,,,,,Fervidicoccales,1
,,,,,,Sulfolobales,18
,,,,,,Desulfurococcales,22
,,,,,,Acidilobales,3
Viruses,6588,Not assigned,469,Not assigned,469,Not assigned,455
,,,,,,Ligamenvirales,14
,,Artverviricota,247,Revtraviricetes,247,Ortervirales,229
,,,,,,Blubervirales,18
,,Uroviricota,1965,Caudoviricetes,1965,Caudovirales,1965
,,Peploviricota,122,Herviviricetes,122,Herpesvirales,122
,,Cossaviricota,343,Papovaviricetes,235,Sepolyvirales,102
,,,,,,Zurhausenvirales,133
,,,,Quintoviricetes,107,Piccovirales,107
,,,,Mouviricetes,1,Polivirales,1
,,Cressdnaviricota,717,Repensiviricetes,558,Geplafuvirales,558
,,Cressdnaviricota,717,Arfiviricetes,159,Mulpavirales,12
,,,,,,Recrevirales,2
,,,,,,Baphyvirales,9
,,,,,,Cremevirales,42
,,,,,,Cirlivirales,94
,,Kitrinoviricota,679,Alsuviricetes,451,Martellivirales,222
,,,,,,Tymovirales,209
,,,,,,Hepelivirales,20
,,,,Tolucaviricetes,128,Tolivirales,128
,,,,Flasuviricetes,89,Amarillovirales,89
,,,,Magsaviricetes,11,Nodamuvirales,11
,,Pisuviricota,770,Pisoniviricetes,443,Picornavirales,312
,,,,,,Nidovirales,109
,,,,,,Sobelivirales,22
,,,,Stelpaviricetes,250,Patatavirales,228
,,,,,,Stellavirales,22
,,,,Duplopiviricetes,77,Durnavirales,77
,,Nucleocytoviricota,146,Megaviricetes,62,Pimascovirales,27
,,,,,,Imitervirales,2
,,,,,,Algavirales,33
,,,,Pokkesviricetes,84,Chitovirales,83
,,,,,,Asfuvirales,1
,,Phixviricota,21,Malgrandaviricetes,21,Petitvirales,21
,,Hofneiviricota,34,Faserviricetes,34,Tubulavirales,34
,,Saleviricota,15,Huolimaviricetes,15,Haloruvirales,15
,,Duplornaviricota,159,Vidaverviricetes,7,Mindivirales,7
,,Duplornaviricota,159,Resentoviricetes,97,Reovirales,97
,,Duplornaviricota,159,Chrymotiviricetes,55,Ghabrivirales,55
,,Negarnaviricota,779,Monjiviricetes,369,Jingchuvirales,30
,,,,,,Mononegavirales,339
,,,,Yunchangviricetes,2,Goujianvirales,2
,,,,Ellioviricetes,383,Bunyavirales,383
,,,,Insthoviricetes,10,Articulavirales,10
,,,,Chunqiuviricetes,8,Muvirales,8
,,,,Milneviricetes,7,Serpentovirales,7
,,Lenarviricota,21,Allassoviricetes,4,Levivirales,4
,,Lenarviricota,21,Amabiliviricetes,2,Wolframvirales,2
,,Lenarviricota,21,Howeltoviricetes,5,Cryppavirales,5
,,Lenarviricota,21,Miaviricetes,10,Ourlivirales,10
,,Dividoviricota,7,Laserviricetes,7,Halopanivirales,7
,,Preplasmiviricota,94,Tectiliviricetes,91,Vinavirales,2
,,,,,,Rowavirales,80
,,,,,,Belfryvirales,2
,,,,,,Kalamavirales,7
,,,,Maveriviricetes,3,Priklausovirales,3
